PacketNumber,ReceiveTime
0,1714660035.1726751
1,1714660036.1519227
2,1714660036.1866038
3,1714660036.218848
4,1714660036.2624493
5,1714660036.2945764
6,1714660036.3267102
7,1714660036.35885
8,1714660036.3907242
9,1714660036.4263637
10,1714660036.466665
11,1714660036.506426
12,1714660036.5466497
13,1714660036.578351
14,1714660036.6104689
15,1714660036.6504273
16,1714660036.6904109
17,1714660036.738376
18,1714660036.7705572
19,1714660036.802974
20,1714660036.8344305
21,1714660036.8664422
22,1714660036.8985224
23,1714660036.93844
24,1714660036.970556
25,1714660037.0185826
26,1714660037.050689
27,1714660037.082501
28,1714660037.1226585
29,1714660037.1583824
30,1714660037.190345
31,1714660037.2264202
32,1714660037.2626777
33,1714660037.2987819
34,1714660037.3304996
35,1714660037.3623285
36,1714660037.3944306
37,1714660037.4346094
38,1714660037.4746437
39,1714660037.510571
40,1714660037.5428674
41,1714660037.5744195
42,1714660037.618336
43,1714660037.6584675
44,1714660037.6908553
45,1714660037.7226627
46,1714660037.758398
47,1714660037.794831
48,1714660037.8264034
49,1714660037.85833
50,1714660037.8943768
51,1714660037.9263947
52,1714660037.9584298
53,1714660037.994355
54,1714660038.0268288
55,1714660038.0627468
56,1714660038.0986342
57,1714660038.1302948
58,1714660038.1625757
59,1714660038.1945152
60,1714660038.2264338
61,1714660038.2665255
62,1714660038.2988784
63,1714660038.334591
64,1714660038.3665934
65,1714660038.3989382
66,1714660038.4308057
67,1714660038.4628527
68,1714660038.4955103
69,1714660038.5303404
70,1714660038.5667365
71,1714660038.5987856
72,1714660038.634402
73,1714660038.6671007
74,1714660038.7065382
75,1714660038.7427087
76,1714660038.7743378
77,1714660038.8068502
78,1714660038.8387177
79,1714660038.8709757
80,1714660038.9023376
81,1714660038.938736
82,1714660038.970704
83,1714660039.002232
84,1714660039.0424588
85,1714660039.0786283
86,1714660039.1105704
87,1714660039.142283
88,1714660039.1744337
89,1714660039.20658
90,1714660039.2423198
91,1714660039.2823844
92,1714660039.3142984
93,1714660039.3463614
94,1714660039.3785827
95,1714660039.4104755
96,1714660039.4504604
97,1714660039.490914
98,1714660039.522406
99,1714660039.5623662
100,1714660039.6023886
0,1714660116.455888
0,1714660177.3644662
0,1714660245.4520485
0,1714660331.5078459
0,1714660451.4793909
0,1714660546.3879287
0,1714660692.9718695
0,1714660749.7113004
0,1714660779.3992589
0,1714660945.1034367
0,1714661036.2676625
0,1714661093.6475728
1,1714661094.730816
2,1714661095.7623444
3,1714661096.794211
4,1714661097.8260076
5,1714661098.8581471
6,1714661099.8943114
7,1714661100.9260974
8,1714661101.9581668
9,1714661102.990103
10,1714661104.0220041
11,1714661105.054114
12,1714661106.0865338
13,1714661107.118282
14,1714661108.1502461
15,1714661109.1830328
16,1714661110.2151487
17,1714661111.2469563
18,1714661112.2789903
19,1714661113.3109038
20,1714661114.3426936
21,1714661115.3747332
22,1714661116.406798
23,1714661117.4428365
24,1714661118.4788702
25,1714661119.5187929
26,1714661120.558211
27,1714661121.590097
28,1714661122.6222787
29,1714661123.6540751
30,1714661124.6864173
31,1714661125.718451
32,1714661126.7504745
33,1714661127.7860398
34,1714661128.8180215
35,1714661129.8502264
36,1714661130.8824215
37,1714661131.9140518
38,1714661132.9462247
39,1714661133.978069
40,1714661135.0101666
41,1714661136.0422242
42,1714661137.073968
43,1714661138.1058645
44,1714661139.1423419
45,1714661140.1743064
46,1714661141.2062566
47,1714661142.2385118
48,1714661143.2700033
49,1714661144.3098342
50,1714661145.3423793
51,1714661146.3784187
52,1714661147.4098923
53,1714661148.4420953
54,1714661149.4742064
55,1714661150.5062637
56,1714661151.5383906
57,1714661152.5702605
58,1714661153.6023688
59,1714661154.6383748
60,1714661155.67049
61,1714661156.7022476
62,1714661157.734494
63,1714661158.766227
64,1714661159.7980444
65,1714661160.830034
66,1714661161.8621013
67,1714661162.8940165
68,1714661163.9265542
69,1714661164.95815
70,1714661165.9901059
71,1714661167.022485
72,1714661168.0546093
73,1714661169.0861452
74,1714661170.1181421
75,1714661171.1502373
76,1714661172.1820195
77,1714661173.214059
78,1714661174.2462828
79,1714661175.2784636
80,1714661176.3100977
81,1714661177.3425262
82,1714661178.3743103
83,1714661179.4180949
84,1714661180.450661
85,1714661181.4825833
86,1714661182.5186534
87,1714661183.5506272
88,1714661184.585962
89,1714661185.6188333
90,1714661186.6503472
91,1714661187.6824193
92,1714661188.714232
93,1714661189.7458656
94,1714661190.7780895
95,1714661191.8101456
96,1714661192.8464944
97,1714661193.8782651
98,1714661194.910506
99,1714661195.9420297
100,1714661196.9740903
0,1714661236.387799
1,1714661237.4869242
2,1714661238.5181131
3,1714661239.554362
4,1714661240.5981631
5,1714661241.6309984
6,1714661242.6748114
7,1714661243.7148793
8,1714661244.7583177
9,1714661245.8028271
10,1714661246.8501627
11,1714661247.8862646
12,1714661248.918688
13,1714661249.9623966
14,1714661250.994236
15,1714661252.026169
16,1714661253.0620046
17,1714661254.094429
18,1714661255.1308413
19,1714661256.1625733
20,1714661257.194064
21,1714661258.226064
22,1714661259.2582254
23,1714661260.2901251
24,1714661261.3230135
25,1714661262.3544152
26,1714661263.3944476
27,1714661264.4262319
28,1714661265.4581823
29,1714661266.490769
30,1714661267.522261
31,1714661268.5543973
32,1714661269.5867517
33,1714661270.6182663
34,1714661271.6507335
35,1714661272.6824036
36,1714661273.722226
37,1714661274.7542775
38,1714661275.7864106
39,1714661276.818429
40,1714661277.8505383
41,1714661278.8824
42,1714661279.9142864
43,1714661280.9468398
44,1714661281.986147
45,1714661283.0180488
46,1714661284.0501308
47,1714661285.0828378
48,1714661286.1141512
49,1714661287.1460514
50,1714661288.1779914
51,1714661289.2100263
52,1714661290.2424393
53,1714661291.2747085
54,1714661292.3064415
55,1714661293.338179
56,1714661294.3702316
57,1714661295.4021158
58,1714661296.4421701
59,1714661297.474101
60,1714661298.506082
61,1714661299.5382419
62,1714661300.5703826
63,1714661301.6026716
64,1714661302.634371
65,1714661303.6666346
66,1714661304.6987534
67,1714661305.7307234
68,1714661306.7629747
69,1714661307.794642
70,1714661308.8262558
71,1714661309.8586543
72,1714661310.8905869
73,1714661311.922445
74,1714661312.9624326
75,1714661313.9944499
76,1714661315.0261402
77,1714661316.0581658
78,1714661317.0902667
79,1714661318.126641
80,1714661319.158435
81,1714661320.190279
82,1714661321.2227845
83,1714661322.2541835
84,1714661323.286258
85,1714661324.3183188
86,1714661325.3500478
87,1714661326.3821335
88,1714661327.4142375
89,1714661328.446717
90,1714661329.4863517
91,1714661330.5180843
92,1714661331.5503705
93,1714661332.581988
94,1714661333.6182508
95,1714661334.6500304
96,1714661335.6825676
97,1714661336.7183511
98,1714661337.7503662
99,1714661338.7826228
100,1714661339.8142703
